<?xml version="1.0" encoding="UTF-8"?>
<GovTalkMessage xmlns="http://www.govtalk.gov.uk/CM/envelope">
	<EnvelopeVersion>2.0</EnvelopeVersion>
	<Header>
		<MessageDetails>
			<Class>IR-CTF-FIreturn</Class>
			<Qualifier>request</Qualifier>
			<Function>submit</Function>
			<CorrelationID />
			<Transformation>XML</Transformation>
			<GatewayTest>1</GatewayTest>
			<GatewayTimestamp />
		</MessageDetails>
		<SenderDetails>
			<IDAuthentication>
				<SenderID>ctfuser001</SenderID>
				<Authentication>
					<Method>clear</Method>
					<Role>principal</Role>
					<Value>testing1</Value>
				</Authentication>
			</IDAuthentication>
		</SenderDetails>
	</Header>
	<GovTalkDetails>
		<Keys>
			<Key Type="CTFProviderID">TES3001</Key>
		</Keys>
		<TargetDetails>
			<Organisation>IR</Organisation>
		</TargetDetails>
		<ChannelRouting>
			<Channel>
				<URI>3001</URI>
				<Product>SDS Team</Product>
				<Version>1.0</Version>
			</Channel>
		</ChannelRouting>
	</GovTalkDetails>
	<Body>
		<IRenvelope xmlns="http://www.govtalk.gov.uk/taxation/CTF">
			<IRheader>
				<TestMessage>0</TestMessage>
				<Keys>
					<Key Type="CTFProviderID">TES3001</Key>
				</Keys>
				<PeriodEnd>2004-04-15</PeriodEnd>
				<DefaultCurrency>GBP</DefaultCurrency>
				<Manifest>
					<Contains>
						<Reference>
							<Namespace>http://www.govtalk.gov.uk/taxation/CTF</Namespace>
							<SchemaVersion>2005-v1.2</SchemaVersion>
							<TopElementName>FIreturn</TopElementName>
						</Reference>
					</Contains>
				</Manifest>
				<IRmark Type="generic">RPfWtxHeCZRcwfitnIJmK9xc4OQ=</IRmark>
				<Sender>Company</Sender>
			</IRheader>
			<FIreturn>
				<Uncompressed>
					<ChildDeath>
						<URN>AB124674A</URN>
						<DOB>2004-05-24</DOB>
						<DOD>2004-08-10</DOD>
					</ChildDeath>
					<ChildDeath>
						<URN>BF478575D</URN>
						<DOB>2003-12-24</DOB>
						<DOD>2004-02-29</DOD>
					</ChildDeath>
					<Voucher>
						<URN>CD577445B</URN>
						<DOB>2003-10-21</DOB>
						<Amount>250.00</Amount>
					</Voucher>
					<Voucher>
						<URN>DA524564 </URN>
						<DOB>2003-07-18</DOB>
						<Amount>277.00</Amount>
					</Voucher>
					<RAA>
						<URN>AC468536C</URN>
						<DOB>2004-02-11</DOB>
						<Ref>12134121</Ref>
						<Amount>250.00</Amount>
					</RAA>
					<RAA>
						<URN>FA986532D</URN>
						<DOB>2003-04-30</DOB>
						<Ref>23548751</Ref>
						<Amount>268.00</Amount>
					</RAA>
					<Endowment>
						<URN>DE234568D</URN>
						<DOB>2004-08-26</DOB>
						<Ref>24587456</Ref>
						<Type>1</Type>
						<Amount>250.00</Amount>
					</Endowment>
					<Endowment>
						<URN>CF569897A</URN>
						<DOB>2003-11-14</DOB>
						<Ref>65865478</Ref>
						<Type>2</Type>
						<Amount>256.00</Amount>
					</Endowment>
					<TransferredIn>
						<URN>GA457869B</URN>
						<DOB>2004-01-02</DOB>
					</TransferredIn>
					<TransferredIn>
						<URN>AF693254B</URN>
						<DOB>2003-05-24</DOB>
					</TransferredIn>
					<Exception>
						<URN>AD235847 </URN>
						<DOB>2004-07-04</DOB>
						<Ref>21458932</Ref>
						<Reason>1</Reason>
					</Exception>
					<Exception>
						<URN>BE126598B</URN>
						<DOB>2003-05-25</DOB>
						<Ref>36871569</Ref>
						<Reason>2</Reason>
					</Exception>
				</Uncompressed>
			</FIreturn>
		</IRenvelope>
	</Body>
</GovTalkMessage>
