<GovTalkMessage xmlns="http://www.govtalk.gov.uk/CM/envelope">
  <EnvelopeVersion>2.0</EnvelopeVersion>
  <Header>
    <MessageDetails>
      <Class>IR-CT-CT600</Class>
      <Qualifier>request</Qualifier>
      <Function>submit</Function>
      <CorrelationID />
      <Transformation>XML</Transformation>
      <GatewayTest>1</GatewayTest>
      <GatewayTimestamp />
    </MessageDetails>
    <SenderDetails>
      <IDAuthentication>
        <SenderID>CTUser141</SenderID>
        <Authentication>
          <Method>clear</Method>
          <Role>principal</Role>
          <Value>IsvCTTest</Value>
        </Authentication>
      </IDAuthentication>
      <EmailAddress>emailaddress@a.company.uk</EmailAddress>
    </SenderDetails>
  </Header>
  <GovTalkDetails>
    <Keys>
      <Key Type="UTR">1668637023</Key>
    </Keys>
    <TargetDetails>
      <Organisation>IR</Organisation>
    </TargetDetails>
    <ChannelRouting>
      <Channel>
        <URI>0563</URI>
        <Product>Iris Business Tax</Product>
        <Version>8.6</Version>
      </Channel>
    </ChannelRouting>
  </GovTalkDetails>
  <Body>
    <IRenvelope xmlns="http://www.govtalk.gov.uk/taxation/CT/2">
      <IRheader>
        <Keys>
          <Key Type="UTR">1668637023</Key>
        </Keys>
        <PeriodEnd>2005-03-31</PeriodEnd>
        <DefaultCurrency>GBP</DefaultCurrency>
        <IRmark Type="generic"/>
        <Sender>Agent</Sender>
      </IRheader>
      <CompanyTaxReturn ReturnType="new">
        <CompanyInformation>
          <CompanyName>2002/04 SCSR + marginal relief</CompanyName>
          <Reference>
            <DistrictNumber>123</DistrictNumber>
            <UTR>1668637023</UTR>
          </Reference>
          <PeriodCovered>
            <From>2004-04-01</From>
            <To>2005-03-31</To>
            <CT603PeriodCovered>
              <From>2004-04-01</From>
              <To>2005-03-31</To>
            </CT603PeriodCovered>
          </PeriodCovered>
        </CompanyInformation>
        <ReturnInfoSummary>
          <RepaymentClaim>
            <ThisPeriod>no</ThisPeriod>
            <EarlierPeriod>no</EarlierPeriod>
          </RepaymentClaim>
          <MultipleReturns>no</MultipleReturns>
          <ProvisionalFigures>no</ProvisionalFigures>
          <RegisteredAvoidanceScheme>no</RegisteredAvoidanceScheme>
          <TransferPricing>
            <Adjustment>no</Adjustment>
            <SME>no</SME>
          </TransferPricing>
          <Attachments>
            <ThisPeriodAccounts>no</ThisPeriodAccounts>
            <DifferentPeriod>no</DifferentPeriod>
            <NoAccountsReason>Cannot be bothered</NoAccountsReason>
          </Attachments>
          <SupplementaryPages>
            <CT600A>no</CT600A>
            <CT600B>no</CT600B>
            <CT600C>no</CT600C>
            <CT600D>no</CT600D>
            <CT600E>no</CT600E>
            <CT600F>no</CT600F>
            <CT600G>no</CT600G>
            <CT600H>no</CT600H>
            <CT600I>no</CT600I>
            <CT600J>no</CT600J>
          </SupplementaryPages>
        </ReturnInfoSummary>
        <Turnover>
          <Total>40000.00</Total>
          <OtherFinancialConcerns>no</OtherFinancialConcerns>
        </Turnover>
        <CompanyTaxCalculation>
          <Income>
            <TradingAndProfessional>
              <Profits>40000.00</Profits>
              <LossesBroughtForward>0.00</LossesBroughtForward>
              <NetProfits>40000.00</NetProfits>
            </TradingAndProfessional>
            <IncomeStatedNet>no</IncomeStatedNet>
            <NonLoanAnnuitiesAnnualPaymentsDiscounts>0.00</NonLoanAnnuitiesAnnualPaymentsDiscounts>
            <LandAndBuildingIncome>0.00</LandAndBuildingIncome>
          </Income>
          <ProfitsBeforeOtherDeductions>40000.00</ProfitsBeforeOtherDeductions>
          <DeductionsAndReliefs>
            <IncludesCVSLossRelief>no</IncludesCVSLossRelief>
            <TradingLossesS393AcarriedBack>no</TradingLossesS393AcarriedBack>
          </DeductionsAndReliefs>
          <ChargesAndReliefs>
            <ProfitsBeforeCharges>40000.00</ProfitsBeforeCharges>
            <ChargesPaid>0.00</ChargesPaid>
          </ChargesAndReliefs>
          <ChargeableProfits>40000.00</ChargeableProfits>
          <TaxCalculation>
            <FrankedInvestmentIncome>0.00</FrankedInvestmentIncome>
            <AssociatedCompanies>
              <ThisPeriod>0</ThisPeriod>
            </AssociatedCompanies>
            <StartingOrSmallCompaniesRate>no</StartingOrSmallCompaniesRate>
          </TaxCalculation>
          <CorporationTaxChargeable>
            <FinancialYear>
              <Year>2004</Year>
              <Details>
                <Profit>40000.00</Profit>
                <TaxRate>19.00</TaxRate>
                <Tax>7600.00</Tax>
              </Details>
            </FinancialYear>
          </CorporationTaxChargeable>
          <TotalChargeableCorporationTax>7600.00</TotalChargeableCorporationTax>
          <FurtherTaxCalculations>
            <MarginalStartingOrSmallCompany>475.00</MarginalStartingOrSmallCompany>
            <CTNetOfMRR>6000.00</CTNetOfMRR>
            <UnderlyingRateOfCT>15.00</UnderlyingRateOfCT>
            <NonCorporateDistributions>0.00</NonCorporateDistributions>
            <TaxAtUnderlyingRate>6000.00</TaxAtUnderlyingRate>
          </FurtherTaxCalculations>
          <NetCorporationTaxChargeable>6000.00</NetCorporationTaxChargeable>
          <NetCorporationTaxLiability>6000.00</NetCorporationTaxLiability>
          <S419Tax>
            <A11Completed>no</A11Completed>
            <Payable>0.00</Payable>
          </S419Tax>
          <TaxPayableS747>0.00</TaxPayableS747>
          <S501AtaxCharge>0.00</S501AtaxCharge>
          <TaxChargeable>6000.00</TaxChargeable>
          <IncomeTax>
            <DeductedIncomeTax>0.00</DeductedIncomeTax>
          </IncomeTax>
          <TaxPayable>6000.00</TaxPayable>
          <TaxReconciliation>
            <RandDCredit>0.00</RandDCredit>
            <LandOrLifeCredit>0.00</LandOrLifeCredit>
            <RDCreditPayable>0.00</RDCreditPayable>
            <LandOrLifeCreditPayable>0.00</LandOrLifeCreditPayable>
            <TaxAlreadyPaid>0.00</TaxAlreadyPaid>
            <TaxOutstanding>6000.00</TaxOutstanding>
            <TaxOverpaid>0.00</TaxOverpaid>
          </TaxReconciliation>
          <Indicators>
            <QuarterlyInstallment>no</QuarterlyInstallment>
            <GroupPayment>no</GroupPayment>
            <DisposalWDintangibles>no</DisposalWDintangibles>
            <CrossBorderRoyalty>no</CrossBorderRoyalty>
          </Indicators>
        </CompanyTaxCalculation>
        <CapitalAllowancesExpenditure>
          <SMEclaimRandD>no</SMEclaimRandD>
          <LargeCompanyClaimRandD>no</LargeCompanyClaimRandD>
          <ChargesAndAllowances>
            <MachineryAndPlantLongLife>
              <BalancingCharges>0.00</BalancingCharges>
              <CapitalAllowances>0.00</CapitalAllowances>
            </MachineryAndPlantLongLife>
            <MachineryAndPlantOther>
              <BalancingCharges>0.00</BalancingCharges>
              <CapitalAllowances>0.00</CapitalAllowances>
            </MachineryAndPlantOther>
            <Cars>
              <BalancingCharges>0.00</BalancingCharges>
              <CapitalAllowances>0.00</CapitalAllowances>
            </Cars>
            <IndustrialBuildings>
              <BalancingCharges>0.00</BalancingCharges>
              <CapitalAllowances>0.00</CapitalAllowances>
            </IndustrialBuildings>
            <Others>
              <BalancingCharges>0.00</BalancingCharges>
              <CapitalAllowances>0.00</CapitalAllowances>
            </Others>
            <FlatConversion>no</FlatConversion>
          </ChargesAndAllowances>
          <MachineryAndPlantExpenditure>0.00</MachineryAndPlantExpenditure>
          <ClaimingEnvironmentallyFriendly>no</ClaimingEnvironmentallyFriendly>
          <QualifyingLongLife>0.00</QualifyingLongLife>
          <QualifyingOthers>0.00</QualifyingOthers>
        </CapitalAllowancesExpenditure>
        <LossesDeficitsAndExcess>
          <CaseI>
            <Arising>0.00</Arising>
          </CaseI>
          <CaseVarising>0.00</CaseVarising>
          <Loans>
            <Arising>0.00</Arising>
          </Loans>
          <ScheduleA>
            <Arising>0.00</Arising>
          </ScheduleA>
          <OverseasCaseVarising>0.00</OverseasCaseVarising>
          <CaseVIarising>0.00</CaseVIarising>
          <CapitalLossesArising>0.00</CapitalLossesArising>
          <ExcessManagementExpenses>
            <Excess>0.00</Excess>
          </ExcessManagementExpenses>
        </LossesDeficitsAndExcess>
        <OverpaymentsAndRepayments>
          <NoRepayments20OrLess>no</NoRepayments20OrLess>
          <OwnRepaymentsLowerLimit>0.00</OwnRepaymentsLowerLimit>
          <Surrender>
            <Amount>0.00</Amount>
            <JointNotice>
              <Attached>no</Attached>
              <WillFollow>no</WillFollow>
            </JointNotice>
          </Surrender>
        </OverpaymentsAndRepayments>
        <Declaration>
          <AcceptDeclaration>yes</AcceptDeclaration>
          <Name>Unknown</Name>
          <Status>unknown</Status>
        </Declaration>
      </CompanyTaxReturn>
    </IRenvelope>
  </Body>
</GovTalkMessage>