<?xml version="1.0" encoding="utf-8"?>
<Document xmlns:xsi="http://www.w3.org/2001/XMLSchema-instance" xmlns="urn:iso:std:iso:20022:tech:xsd:pain.001.001.03">
  <CstmrCdtTrfInitn>
    <GrpHdr>
      <MsgId>UNIQUE FILE ID 35AN</MsgId>
      <CreDtTm>2012-01-30T10:07:00</CreDtTm>
      <NbOfTxs>2</NbOfTxs>
      <InitgPty>
        <Id>
          <OrgId>
            <Othr>
              <Id>ABC23037001</Id>
            </Othr>
          </OrgId>
        </Id>
      </InitgPty>
    </GrpHdr>
    <PmtInf>
      <PmtInfId>ORIGINATOR REFERENCE 35AN</PmtInfId>
      <PmtMtd>TRF</PmtMtd>
      <PmtTpInf>
        <SvcLvl>
          <Cd>SEPA</Cd>
        </SvcLvl>
      </PmtTpInf>
      <ReqdExctnDt>2012-01-31</ReqdExctnDt>
      <Dbtr>
        <Nm>ORIGINATOR NAME 70AN</Nm>
      </Dbtr>
      <DbtrAcct>
        <Id>
          <IBAN>CC1212345123451234567890</IBAN>
        </Id>
        <Ccy>EUR</Ccy>
      </DbtrAcct>
      <DbtrAgt>
        <FinInstnId>
          <BIC>BBBBCCTT</BIC>
          <PstlAdr>
            <Ctry>CC</Ctry>
          </PstlAdr>
        </FinInstnId>
      </DbtrAgt>
      <ChrgBr>SLEV</ChrgBr>
      <CdtTrfTxInf>
        <PmtId>
          <EndToEndId>UNIQUE REFERENCE FOR BENEFICIARY FIRST 35AN</EndToEndId>
        </PmtId>
        <Amt>
          <InstdAmt Ccy="EUR">0.01</InstdAmt>
        </Amt>
        <CdtrAgt>
          <FinInstnId>
            <BIC>BBBBGRTT</BIC>
            <PstlAdr>
              <Ctry>CC</Ctry>
            </PstlAdr>
          </FinInstnId>
        </CdtrAgt>
        <Cdtr>
          <Nm>BENEFICIARY NAME 70AN</Nm>
        </Cdtr>
        <CdtrAcct>
          <Id>
            <IBAN>GR1777777777777777777777778</IBAN>
          </Id>
          <Ccy>EUR</Ccy>
        </CdtrAcct>
        <RmtInf>
          <Ustrd>REFERENCE FOR BENEFICIARY REMAINING 105AN</Ustrd>
        </RmtInf>
      </CdtTrfTxInf>
      <CdtTrfTxInf>
        <PmtId>
          <EndToEndId>UNIQUE REFERENCE FOR BENEFICIARY FIRST 35AN</EndToEndId>
        </PmtId>
        <Amt>
          <InstdAmt Ccy="EUR">0.01</InstdAmt>
        </Amt>
        <CdtrAgt>
          <FinInstnId>
            <BIC>BBBBFRTT</BIC>
            <PstlAdr>
              <Ctry>FR</Ctry>
            </PstlAdr>
          </FinInstnId>
        </CdtrAgt>
        <Cdtr>
          <Nm>BENEFICIARY NAME 70AN</Nm>
        </Cdtr>
        <CdtrAcct>
          <Id>
            <IBAN>FR7677777777777777777777777</IBAN>
          </Id>
          <Ccy>EUR</Ccy>
        </CdtrAcct>
        <RmtInf>
          <Ustrd>REFERENCE FOR BENEFICIARY REMAINING 105AN</Ustrd>
        </RmtInf>
      </CdtTrfTxInf>
    </PmtInf>
  </CstmrCdtTrfInitn>
</Document>