<?xml version="1.0" encoding="UTF-8"?>

<!-- v1.0 28/11/2005 -->


<GovTalkMessage xmlns="http://www.govtalk.gov.uk/CM/envelope">
	<EnvelopeVersion>2.0</EnvelopeVersion>
	<Header>
		<MessageDetails>
			<Class>IR-CIS-VERIFY</Class>
			<Qualifier>request</Qualifier>
			<Function>submit</Function>
			<CorrelationID />
			<Transformation>XML</Transformation>
			<GatewayTest>1</GatewayTest>
		</MessageDetails>
		<SenderDetails>
			<IDAuthentication>
				<SenderID>as advised by SDS team</SenderID>
				<Authentication>
					<Method>clear</Method>
					<Role>principal</Role>
					<Value>as advised by SDS team</Value>
				</Authentication>
			</IDAuthentication>
		</SenderDetails>
	</Header>
	<GovTalkDetails>
		<Keys>
			<Key Type="TaxOfficeNumber">as advised by SDS team</Key>
			<Key Type="TaxOfficeReference">as advised by SDS team</Key>
		</Keys>
		<TargetDetails>
			<Organisation>IR</Organisation>
		</TargetDetails>
		<ChannelRouting>
			<Channel>
				<URI>your 4 digit vendor ID</URI>
				<Product>your product name</Product>
				<Version>version number of product</Version>
			</Channel>
		</ChannelRouting>
	</GovTalkDetails>
	<Body>
		<IRenvelope xmlns="http://www.govtalk.gov.uk/taxation/CISrequest">
			<IRheader>
				<Keys>
					<Key Type="TaxOfficeNumber">as advised by SDS team</Key>
					<Key Type="TaxOfficeReference">as advised by SDS team</Key>
				</Keys>
				<PeriodEnd>2007-05-05</PeriodEnd>
				<DefaultCurrency>GBP</DefaultCurrency>
				<IRmark Type="generic"></IRmark>
				<Sender>Employer</Sender>
			</IRheader>
			<CISrequest>
				<Contractor>
					<UTR>4325648152</UTR>
					<AOref>123PP87654321</AOref>
				</Contractor>
				<Subcontractor>
					<Action>verify</Action>
					<Type>partnership</Type>
					<TradingName>Foundations</TradingName>
					<WorksRef>WR3000</WorksRef>
					<UTR>1234567890</UTR>
					<CRN>AB123456</CRN>
					<NINO>PR456789B</NINO>
					<Partnership>
						<Name>Mark &amp; Sons</Name>
						<UTR>0123456789</UTR>
					</Partnership>
					<Address>
						<Line>21 High Street</Line>
						<Line>Wellington</Line>
						<Line>Telford</Line>
						<Line>Shropshire</Line>
						<PostCode>BD18</PostCode>
						<Country>UK</Country>
					</Address>
					<Telephone>01952123456</Telephone>
				</Subcontractor>
				<Declaration>yes</Declaration>
			</CISrequest>
		</IRenvelope>
	</Body>
</GovTalkMessage>
